{"name":"81c2ad26-f6e5-48eb-9f4f-10fc04a7caf8","id":"/providers/Microsoft.Flow/flows/81c2ad26-f6e5-48eb-9f4f-10fc04a7caf8","type":"Microsoft.Flow/flows","properties":{"apiId":"/providers/Microsoft.PowerApps/apis/shared_logicflows","displayName":"Guardar datos adjuntos de correos electrónicos de Outlook.com en OneDrive","definition":{"metadata":{"workflowEntityId":null,"processAdvisorMetadata":null,"flowclientsuspensionreason":"None","flowclientsuspensiontime":null,"flowclientsuspensionreasondetails":null,"creator":{"id":"4a7c7e6a-a1af-4a79-82fc-68127e7002ac","type":"User","tenantId":"499d1b49-5c4e-4feb-9fb8-7294bbda667c"},"provisioningMethod":"FromDefinition","failureAlertSubscription":true,"clientLastModifiedTime":"2023-03-06T01:46:25.8934742Z"},"$schema":"https://schema.management.azure.com/providers/Microsoft.Logic/schemas/2016-06-01/workflowdefinition.json#","contentVersion":"1.0.0.0","parameters":{"$connections":{"defaultValue":{},"type":"Object"},"$authentication":{"defaultValue":{},"type":"SecureObject"}},"triggers":{"Cuando_llega_un_nuevo_correo_electrónico_(V3)":{"metadata":{"operationMetadataId":"2760327f-9644-41af-86b2-9c86b3181d39","flowSystemMetadata":{"swaggerOperationId":"OnNewEmailV3"}},"type":"ApiConnectionNotification","inputs":{"host":{"connection":{"name":"@parameters('$connections')['shared_office365']['connectionId']"},"api":{"runtimeUrl":"https://flow-apim-msmanaged-na-eastus-01.azure-apim.net/apim/office365"}},"fetch":{"queries":{"folderPath":"Inbox","importance":"Any","fetchOnlyWithAttachment":true,"includeAttachments":true,"subjectFilter":"Imagenes Satelitales"},"pathTemplate":{"template":"/v3/Mail/OnNewEmail"},"method":"get"},"subscribe":{"queries":{"folderPath":"Inbox","importance":"Any","fetchOnlyWithAttachment":true},"body":{"NotificationUrl":"@{listCallbackUrl()}"},"pathTemplate":{"template":"/GraphMailSubscriptionPoke/$subscriptions"},"method":"post"},"authentication":"@parameters('$authentication')"}}},"actions":{"Aplicar_a_cada_uno":{"foreach":"@triggerBody()?['value']","actions":{"Extraer_archivo_a_carpeta":{"runAfter":{},"metadata":{"operationMetadataId":"fdaca2bb-7d7c-471f-8da9-9e28e1adadb3","flowSystemMetadata":{"swaggerOperationId":"ExtractFolderV2"}},"type":"ApiConnection","inputs":{"host":{"connection":{"name":"@parameters('$connections')['shared_onedriveforbusiness']['connectionId']"},"api":{"runtimeUrl":"https://flow-apim-msmanaged-na-eastus-01.azure-apim.net/apim/onedriveforbusiness"}},"method":"post","path":"/datasets/default/extractFolderV2","queries":{"source":"@{items('Aplicar_a_cada_uno')?['attachments']}","destination":"/Documentos/Scripts de Office","overwrite":false},"authentication":"@parameters('$authentication')"}}},"runAfter":{},"metadata":{"operationMetadataId":"88eb236a-a47b-4cb0-b650-cdd92238e99b"},"type":"Foreach"},"Aplicar_a_cada_uno_2":{"foreach":"@triggerBody()?['value']","actions":{"Aplicar_a_cada_uno_4":{"foreach":"@items('Aplicar_a_cada_uno_2')['attachments']","actions":{"Obtener_metadatos_del_archivo":{"runAfter":{},"metadata":{"operationMetadataId":"d048b131-9b0f-4d87-bef6-0e8bb0c30a42","flowSystemMetadata":{"swaggerOperationId":"GetFileMetadata"}},"type":"ApiConnection","inputs":{"host":{"connection":{"name":"@parameters('$connections')['shared_onedriveforbusiness']['connectionId']"},"api":{"runtimeUrl":"https://flow-apim-msmanaged-na-eastus-01.azure-apim.net/apim/onedriveforbusiness"}},"method":"get","path":"/datasets/default/files/@{encodeURIComponent(encodeURIComponent(items('Aplicar_a_cada_uno_2')?['body'],base64ToString(items('Aplicar_a_cada_uno_4')?['contentBytes'])))}","authentication":"@parameters('$authentication')"}}},"runAfter":{},"metadata":{"operationMetadataId":"b748e68d-0295-41bf-a298-51ada48c77a5"},"type":"Foreach"}},"runAfter":{"Aplicar_a_cada_uno_3":["Succeeded"]},"metadata":{"operationMetadataId":"07249940-f886-4633-b2d4-c529ad32a31b"},"type":"Foreach"},"Aplicar_a_cada_uno_3":{"foreach":"@triggerBody()?['value']","actions":{"Obtener_contenido_de_archivo":{"runAfter":{},"metadata":{"operationMetadataId":"b4c3d08a-46ae-4f50-b24a-eed0c2921139","flowSystemMetadata":{"swaggerOperationId":"GetFileContent"}},"type":"ApiConnection","inputs":{"host":{"connection":{"name":"@parameters('$connections')['shared_onedriveforbusiness']['connectionId']"},"api":{"runtimeUrl":"https://flow-apim-msmanaged-na-eastus-01.azure-apim.net/apim/onedriveforbusiness"}},"method":"get","path":"/datasets/default/files/@{encodeURIComponent(encodeURIComponent(items('Aplicar_a_cada_uno_3')?['body']))}/content","queries":{"inferContentType":"@items('Aplicar_a_cada_uno_3')?['hasAttachments']"},"authentication":"@parameters('$authentication')"}}},"runAfter":{"Aplicar_a_cada_uno":["Succeeded"]},"metadata":{"operationMetadataId":"f2c6f422-5b3f-4f87-b733-4932eecb971a"},"type":"Foreach"},"Aplicar_a_cada_uno_5":{"foreach":"@triggerBody()?['value']","actions":{"Crear_archivo":{"runAfter":{},"metadata":{"operationMetadataId":"0fec479a-99f5-4f46-a4ff-0bcfde3930f3","flowSystemMetadata":{"swaggerOperationId":"CreateFile"}},"type":"ApiConnection","inputs":{"host":{"connection":{"name":"@parameters('$connections')['shared_onedriveforbusiness']['connectionId']"},"api":{"runtimeUrl":"https://flow-apim-msmanaged-na-eastus-01.azure-apim.net/apim/onedriveforbusiness"}},"method":"post","body":"@items('Aplicar_a_cada_uno_5')?['attachments']","path":"/datasets/default/files","queries":{"folderPath":"/Documentos/Scripts de Office","name":"Imagenes Satelitales"},"authentication":"@parameters('$authentication')"},"runtimeConfiguration":{"contentTransfer":{"transferMode":"Chunked"}}}},"runAfter":{"Aplicar_a_cada_uno_2":["Succeeded"]},"metadata":{"operationMetadataId":"837414d4-15c9-4cf4-8265-75f02f0b6a80"},"type":"Foreach"},"Aplicar_a_cada_uno_6":{"foreach":"@triggerBody()?['value']","actions":{"Crear_una_hoja_de_cálculo":{"runAfter":{},"metadata":{"operationMetadataId":"78dd7912-aa19-48f8-a02d-e5dc32be5f3a","flowSystemMetadata":{"swaggerOperationId":"CreateWorksheet"}},"type":"ApiConnection","inputs":{"host":{"connection":{"name":"@parameters('$connections')['shared_excelonlinebusiness']['connectionId']"},"api":{"runtimeUrl":"https://flow-apim-msmanaged-na-eastus2-01.azure-apim.net/apim/excelonlinebusiness"}},"method":"post","body":{"name":"Imagenes Satelitales"},"path":"/codeless/v1.0/drives/@{encodeURIComponent('b!0GfU5JuMV0CPfDWtT3rAmb_rApzqeQ5EgVZqQATvdEPJc6MXVkb-RZEvWBCq0Mzg')}/items/@{encodeURIComponent(encodeURIComponent(items('Aplicar_a_cada_uno_6')?['attachments']))}/workbook/worksheets","queries":{"source":"me"},"authentication":"@parameters('$authentication')"}}},"runAfter":{"Aplicar_a_cada_uno_5":["Succeeded"]},"metadata":{"operationMetadataId":"8d13509a-1992-4052-81fc-6ffde14552e1"},"type":"Foreach"}},"description":"Ya puede acceder fácilmente a los datos adjuntos de correo electrónico de Outlook.com desde OneDrive. Todos los datos adjuntos que reciba en la bandeja de entrada de Outlook.com se guardarán en una carpeta denominada Datos adjuntos de correo electrónico de Power Automate."},"connectionReferences":{"shared_office365":{"connectionName":"shared-office365-59850824-4cbb-49c0-8c95-44e1100831a4","source":"Embedded","id":"/providers/Microsoft.PowerApps/apis/shared_office365","tier":"NotSpecified"},"shared_onedriveforbusiness":{"connectionName":"shared-onedriveforbu-d23232ff-e745-42d1-8a7b-cee0cd1a85f1","source":"Embedded","id":"/providers/Microsoft.PowerApps/apis/shared_onedriveforbusiness","tier":"NotSpecified"},"shared_excelonlinebusiness":{"connectionName":"shared-excelonlinebu-d0f19c7c-08be-413f-a24f-e8d272bb54b0","source":"Embedded","id":"/providers/Microsoft.PowerApps/apis/shared_excelonlinebusiness","tier":"NotSpecified"}},"flowFailureAlertSubscribed":false,"isManaged":false}}